-- phpMyAdmin SQL Dump
-- version 4.0.10.7
-- http://www.phpmyadmin.net
--
-- Host: localhost
-- Generation Time: Feb 28, 2015 at 03:32 PM
-- Server version: 5.5.42-cll
-- PHP Version: 5.4.23

SET SQL_MODE = "NO_AUTO_VALUE_ON_ZERO";
SET time_zone = "+00:00";


/*!40101 SET @OLD_CHARACTER_SET_CLIENT=@@CHARACTER_SET_CLIENT */;
/*!40101 SET @OLD_CHARACTER_SET_RESULTS=@@CHARACTER_SET_RESULTS */;
/*!40101 SET @OLD_COLLATION_CONNECTION=@@COLLATION_CONNECTION */;
/*!40101 SET NAMES utf8 */;

--
-- Database: `aldini_frednoerproduction`
--

-- --------------------------------------------------------

--
-- Table structure for table `customers`
--

CREATE TABLE IF NOT EXISTS `customers` (
  `id` int(11) NOT NULL AUTO_INCREMENT,
  `first_name` varchar(255) DEFAULT NULL,
  `last_name` varchar(255) DEFAULT NULL,
  `email` varchar(255) DEFAULT NULL,
  `address` varchar(255) DEFAULT NULL,
  PRIMARY KEY (`id`)
) ENGINE=InnoDB  DEFAULT CHARSET=latin1 AUTO_INCREMENT=30 ;

--
-- Dumping data for table `customers`
--

INSERT INTO `customers` (`id`, `first_name`, `last_name`, `email`, `address`) VALUES
(26, 'Fred', 'Noer', 'fnoer@elknet.net', 'POB 92\r\nDelavan, WI 53115'),
(27, 'Jason', 'Noer', 'jason_noer@hotmail.com', 'sdfs'),
(28, 'jason ', 'noer', 'jason@hi.com', 'test'),
(29, 'Fred', 'Noer', 'jjjjjjjjjjj', 'jjjjjjjjjj');

-- --------------------------------------------------------

--
-- Table structure for table `galleries`
--

CREATE TABLE IF NOT EXISTS `galleries` (
  `id` int(11) NOT NULL AUTO_INCREMENT,
  `name` varchar(255) DEFAULT NULL,
  `product_id` int(11) DEFAULT NULL,
  PRIMARY KEY (`id`)
) ENGINE=InnoDB  DEFAULT CHARSET=latin1 AUTO_INCREMENT=10 ;

--
-- Dumping data for table `galleries`
--

INSERT INTO `galleries` (`id`, `name`, `product_id`) VALUES
(1, 'Geneva Lake', 67),
(2, 'Delavan', 42),
(3, 'Delavan Lake', 94),
(4, 'Fontana', 120),
(5, 'Lake Geneva', 143),
(6, 'Walworth Area', 190),
(7, 'Walworth County', 231),
(8, 'Miscellaneous', 157),
(9, 'Williams Bay', 175);

-- --------------------------------------------------------

--
-- Table structure for table `images`
--

CREATE TABLE IF NOT EXISTS `images` (
  `id` int(11) NOT NULL AUTO_INCREMENT,
  `content_type` varchar(255) DEFAULT NULL,
  `filename` varchar(255) DEFAULT NULL,
  `size` int(11) DEFAULT NULL,
  `parent_id` int(11) DEFAULT NULL,
  `thumbnail` varchar(255) DEFAULT NULL,
  `width` int(11) DEFAULT NULL,
  `height` int(11) DEFAULT NULL,
  `db_file_id` int(11) DEFAULT NULL,
  `product_id` int(11) DEFAULT NULL,
  PRIMARY KEY (`id`)
) ENGINE=InnoDB  DEFAULT CHARSET=latin1 AUTO_INCREMENT=545 ;

--
-- Dumping data for table `images`
--

INSERT INTO `images` (`id`, `content_type`, `filename`, `size`, `parent_id`, `thumbnail`, `width`, `height`, `db_file_id`, `product_id`) VALUES
(85, 'image/jpeg', 'Afresh.JPG', 62900, NULL, NULL, 450, 350, NULL, 20),
(86, 'image/jpeg', 'Afresh_thumb.JPG', 6142, 85, 'thumb', 150, 117, NULL, NULL),
(87, 'image/jpeg', 'Always_in_season.JPG', 63192, NULL, NULL, 350, 450, NULL, 21),
(88, 'image/jpeg', 'Always_in_season_thumb.JPG', 9466, 87, 'thumb', 150, 193, NULL, NULL),
(91, 'image/jpeg', 'Bask_in_it.JPG', 43697, NULL, NULL, 450, 350, NULL, 23),
(92, 'image/jpeg', 'Bask_in_it_thumb.JPG', 4817, 91, 'thumb', 150, 117, NULL, NULL),
(93, 'image/jpeg', 'Blooming_day.JPG', 59500, NULL, NULL, 350, 450, NULL, 24),
(94, 'image/jpeg', 'Blooming_day_thumb.JPG', 10159, 93, 'thumb', 150, 193, NULL, NULL),
(95, 'image/jpeg', 'Cloud_talk.JPG', 16733, NULL, NULL, 450, 350, NULL, 25),
(96, 'image/jpeg', 'Cloud_talk_thumb.JPG', 2829, 95, 'thumb', 150, 117, NULL, NULL),
(97, 'image/jpeg', 'Coming_on.JPG', 45064, NULL, NULL, 450, 350, NULL, 26),
(98, 'image/jpeg', 'Coming_on_thumb.JPG', 4503, 97, 'thumb', 150, 117, NULL, NULL),
(99, 'image/jpeg', 'Cotton_night.JPG', 18316, NULL, NULL, 450, 350, NULL, 27),
(100, 'image/jpeg', 'Cotton_night_thumb.JPG', 3008, 99, 'thumb', 150, 117, NULL, NULL),
(101, 'image/jpeg', 'Follow_me.JPG', 66804, NULL, NULL, 350, 450, NULL, 28),
(102, 'image/jpeg', 'Follow_me_thumb.JPG', 10533, 101, 'thumb', 150, 193, NULL, NULL),
(107, 'image/jpeg', 'Landmarks.JPG', 28470, NULL, NULL, 350, 450, NULL, 31),
(108, 'image/jpeg', 'Landmarks_thumb.JPG', 6302, 107, 'thumb', 150, 193, NULL, NULL),
(109, 'image/jpeg', 'Look_but_don_t_touch.JPG', 39307, NULL, NULL, 450, 350, NULL, 32),
(110, 'image/jpeg', 'Look_but_don_t_touch_thumb.JPG', 3803, 109, 'thumb', 150, 117, NULL, NULL),
(111, 'image/jpeg', 'Much_to_see.JPG', 56077, NULL, NULL, 350, 450, NULL, 33),
(112, 'image/jpeg', 'Much_to_see_thumb.JPG', 9427, 111, 'thumb', 150, 193, NULL, NULL),
(113, 'image/jpeg', 'Our_new_look.JPG', 49623, NULL, NULL, 450, 350, NULL, 34),
(114, 'image/jpeg', 'Our_new_look_thumb.JPG', 4321, 113, 'thumb', 150, 117, NULL, NULL),
(115, 'image/jpeg', 'Path_of_purity.JPG', 47955, NULL, NULL, 350, 450, NULL, 35),
(116, 'image/jpeg', 'Path_of_purity_thumb.JPG', 7423, 115, 'thumb', 150, 193, NULL, NULL),
(117, 'image/jpeg', 'Spangled_stars.JPG', 61706, NULL, NULL, 350, 450, NULL, 36),
(118, 'image/jpeg', 'Spangled_stars_thumb.JPG', 9545, 117, 'thumb', 150, 193, NULL, NULL),
(119, 'image/jpeg', 'Spires.JPG', 40348, NULL, NULL, 350, 450, NULL, 37),
(120, 'image/jpeg', 'Spires_thumb.JPG', 7503, 119, 'thumb', 150, 193, NULL, NULL),
(121, 'image/jpeg', 'Sweet_spot.JPG', 50524, NULL, NULL, 350, 450, NULL, 38),
(122, 'image/jpeg', 'Sweet_spot_thumb.JPG', 8849, 121, 'thumb', 150, 193, NULL, NULL),
(123, 'image/jpeg', 'Taking_leave.JPG', 69754, NULL, NULL, 450, 350, NULL, 39),
(124, 'image/jpeg', 'Taking_leave_thumb.JPG', 6137, 123, 'thumb', 150, 117, NULL, NULL),
(125, 'image/jpeg', 'Towering_skies.JPG', 35421, NULL, NULL, 346, 446, NULL, 40),
(126, 'image/jpeg', 'Towering_skies_thumb.JPG', 7880, 125, 'thumb', 150, 193, NULL, NULL),
(127, 'image/jpeg', 'Two_waves.JPG', 34219, NULL, NULL, 350, 450, NULL, 41),
(128, 'image/jpeg', 'Two_waves_thumb.JPG', 6767, 127, 'thumb', 150, 193, NULL, NULL),
(129, 'image/jpeg', 'Unwavering.JPG', 53841, NULL, NULL, 450, 350, NULL, 42),
(130, 'image/jpeg', 'Unwavering_thumb.JPG', 5718, 129, 'thumb', 150, 117, NULL, NULL),
(131, 'image/jpeg', 'Waiting_for_you.JPG', 41889, NULL, NULL, 450, 350, NULL, 43),
(132, 'image/jpeg', 'Waiting_for_you_thumb.JPG', 3757, 131, 'thumb', 150, 117, NULL, NULL),
(133, 'image/jpeg', 'All_is_calm.JPG', 34145, NULL, NULL, 300, 450, NULL, 44),
(134, 'image/jpeg', 'All_is_calm_thumb.JPG', 8003, 133, 'thumb', 150, 225, NULL, NULL),
(135, 'image/jpeg', 'All-consuming.JPG', 57749, NULL, NULL, 350, 450, NULL, 45),
(136, 'image/jpeg', 'All-consuming_thumb.JPG', 8894, 135, 'thumb', 150, 193, NULL, NULL),
(137, 'image/jpeg', 'Another_look.jpg', 36171, NULL, NULL, 450, 350, NULL, 46),
(138, 'image/jpeg', 'Another_look_thumb.jpg', 4016, 137, 'thumb', 150, 117, NULL, NULL),
(139, 'image/jpeg', 'Beckoning.JPG', 41610, NULL, NULL, 450, 350, NULL, 47),
(140, 'image/jpeg', 'Beckoning_thumb.JPG', 4702, 139, 'thumb', 150, 117, NULL, NULL),
(141, 'image/jpeg', 'Churning.JPG', 39263, NULL, NULL, 450, 350, NULL, 48),
(142, 'image/jpeg', 'Churning_thumb.JPG', 4736, 141, 'thumb', 150, 117, NULL, NULL),
(143, 'image/jpeg', 'Cutting.JPG', 31505, NULL, NULL, 450, 350, NULL, 49),
(144, 'image/jpeg', 'Cutting_thumb.JPG', 3910, 143, 'thumb', 150, 117, NULL, NULL),
(145, 'image/jpeg', 'Dried_out.JPG', 43304, NULL, NULL, 450, 350, NULL, 50),
(146, 'image/jpeg', 'Dried_out_thumb.JPG', 5458, 145, 'thumb', 150, 117, NULL, NULL),
(147, 'image/jpeg', 'Fine_lines.JPG', 38226, NULL, NULL, 450, 350, NULL, 51),
(148, 'image/jpeg', 'Fine_lines_thumb.JPG', 4266, 147, 'thumb', 150, 117, NULL, NULL),
(149, 'image/jpeg', 'Fire_in_the_sky.JPG', 34224, NULL, NULL, 450, 350, NULL, 52),
(150, 'image/jpeg', 'Fire_in_the_sky_thumb.JPG', 3815, 149, 'thumb', 150, 117, NULL, NULL),
(151, 'image/jpeg', 'Her_blessing.JPG', 26152, NULL, NULL, 350, 450, NULL, 53),
(152, 'image/jpeg', 'Her_blessing_thumb.JPG', 5182, 151, 'thumb', 150, 193, NULL, NULL),
(153, 'image/jpeg', 'In_another_time.JPG', 33687, NULL, NULL, 350, 450, NULL, 54),
(154, 'image/jpeg', 'In_another_time_thumb.JPG', 7013, 153, 'thumb', 150, 193, NULL, NULL),
(155, 'image/jpeg', 'Intermingling.JPG', 58537, NULL, NULL, 350, 450, NULL, 55),
(156, 'image/jpeg', 'Intermingling_thumb.JPG', 10211, 155, 'thumb', 150, 193, NULL, NULL),
(157, 'image/jpeg', 'Leaving.JPG', 66005, NULL, NULL, 350, 450, NULL, 56),
(158, 'image/jpeg', 'Leaving_thumb.JPG', 10233, 157, 'thumb', 150, 193, NULL, NULL),
(159, 'image/jpeg', 'Majestic.JPG', 37014, NULL, NULL, 350, 450, NULL, 57),
(160, 'image/jpeg', 'Majestic_thumb.JPG', 7113, 159, 'thumb', 150, 193, NULL, NULL),
(161, 'image/jpeg', 'Munchin__on_moonlight.JPG', 15525, NULL, NULL, 350, 450, NULL, 58),
(162, 'image/jpeg', 'Munchin__on_moonlight_thumb.JPG', 3719, 161, 'thumb', 150, 193, NULL, NULL),
(163, 'image/jpeg', 'Overlooks.JPG', 55970, NULL, NULL, 450, 350, NULL, 59),
(164, 'image/jpeg', 'Overlooks_thumb.JPG', 5688, 163, 'thumb', 150, 117, NULL, NULL),
(165, 'image/jpeg', 'Paths_of_light.JPG', 58103, NULL, NULL, 350, 450, NULL, 60),
(166, 'image/jpeg', 'Paths_of_light_thumb.JPG', 9610, 165, 'thumb', 150, 193, NULL, NULL),
(167, 'image/jpeg', 'Pure_envy.JPG', 27771, NULL, NULL, 450, 350, NULL, 61),
(168, 'image/jpeg', 'Pure_envy_thumb.JPG', 3513, 167, 'thumb', 150, 117, NULL, NULL),
(169, 'image/jpeg', 'Riding_the_waves.JPG', 45487, NULL, NULL, 450, 350, NULL, 62),
(170, 'image/jpeg', 'Riding_the_waves_thumb.JPG', 4234, 169, 'thumb', 150, 117, NULL, NULL),
(171, 'image/jpeg', 'Some_other_time.JPG', 52252, NULL, NULL, 450, 268, NULL, 63),
(172, 'image/jpeg', 'Some_other_time_thumb.JPG', 5186, 171, 'thumb', 150, 89, NULL, NULL),
(173, 'image/jpeg', 'Stages.JPG', 47379, NULL, NULL, 450, 350, NULL, 64),
(174, 'image/jpeg', 'Stages_thumb.JPG', 5517, 173, 'thumb', 150, 117, NULL, NULL),
(175, 'image/jpeg', 'Staunch_supporters.JPG', 52167, NULL, NULL, 450, 350, NULL, 65),
(176, 'image/jpeg', 'Staunch_supporters_thumb.JPG', 4975, 175, 'thumb', 150, 117, NULL, NULL),
(177, 'image/jpeg', 'Staying_power.JPG', 48358, NULL, NULL, 450, 350, NULL, 66),
(178, 'image/jpeg', 'Staying_power_thumb.JPG', 5479, 177, 'thumb', 150, 117, NULL, NULL),
(179, 'image/jpeg', 'Taking_the_advantage.JPG', 29600, NULL, NULL, 450, 350, NULL, 67),
(180, 'image/jpeg', 'Taking_the_advantage_thumb.JPG', 3648, 179, 'thumb', 150, 117, NULL, NULL),
(181, 'image/jpeg', 'These_seats_are_taken.JPG', 33915, NULL, NULL, 450, 350, NULL, 68),
(182, 'image/jpeg', 'These_seats_are_taken_thumb.JPG', 4126, 181, 'thumb', 150, 117, NULL, NULL),
(183, 'image/jpeg', 'Triangulations.JPG', 24274, NULL, NULL, 350, 450, NULL, 69),
(184, 'image/jpeg', 'Triangulations_thumb.JPG', 3996, 183, 'thumb', 150, 193, NULL, NULL),
(185, 'image/jpeg', 'Tumbling.JPG', 45023, NULL, NULL, 450, 350, NULL, 70),
(186, 'image/jpeg', 'Tumbling_thumb.JPG', 4614, 185, 'thumb', 150, 117, NULL, NULL),
(187, 'image/jpeg', 'Washed_away.JPG', 21621, NULL, NULL, 450, 350, NULL, 71),
(188, 'image/jpeg', 'Washed_away_thumb.JPG', 3546, 187, 'thumb', 150, 117, NULL, NULL),
(189, 'image/jpeg', 'Water_lines.JPG', 61722, NULL, NULL, 450, 350, NULL, 72),
(190, 'image/jpeg', 'Water_lines_thumb.JPG', 7311, 189, 'thumb', 150, 117, NULL, NULL),
(191, 'image/jpeg', 'What_a_ride.JPG', 35766, NULL, NULL, 450, 350, NULL, 73),
(192, 'image/jpeg', 'What_a_ride_thumb.JPG', 4235, 191, 'thumb', 150, 117, NULL, NULL),
(193, 'image/jpeg', 'Wind_jockeys.JPG', 30246, NULL, NULL, 450, 350, NULL, 74),
(194, 'image/jpeg', 'Wind_jockeys_thumb.JPG', 3799, 193, 'thumb', 150, 117, NULL, NULL),
(195, 'image/jpeg', 'A_night_to_behold.JPG', 15193, NULL, NULL, 450, 350, NULL, 75),
(196, 'image/jpeg', 'A_night_to_behold_thumb.JPG', 2162, 195, 'thumb', 150, 117, NULL, NULL),
(197, 'image/jpeg', 'Above_and_beyond.JPG', 59975, NULL, NULL, 450, 350, NULL, 76),
(198, 'image/jpeg', 'Above_and_beyond_thumb.JPG', 5591, 197, 'thumb', 150, 117, NULL, NULL),
(199, 'image/jpeg', 'Change_of_season.JPG', 46356, NULL, NULL, 350, 450, NULL, 77),
(200, 'image/jpeg', 'Change_of_season_thumb.JPG', 8823, 199, 'thumb', 150, 193, NULL, NULL),
(201, 'image/jpeg', 'Communion.JPG', 25705, NULL, NULL, 450, 350, NULL, 78),
(202, 'image/jpeg', 'Communion_thumb.JPG', 3341, 201, 'thumb', 150, 117, NULL, NULL),
(203, 'image/jpeg', 'Cradle.JPG', 34776, NULL, NULL, 350, 450, NULL, 79),
(204, 'image/jpeg', 'Cradle_thumb.JPG', 7677, 203, 'thumb', 150, 193, NULL, NULL),
(205, 'image/jpeg', 'Day_is_done.JPG', 23730, NULL, NULL, 450, 350, NULL, 80),
(206, 'image/jpeg', 'Day_is_done_thumb.JPG', 3198, 205, 'thumb', 150, 117, NULL, NULL),
(207, 'image/jpeg', 'Gather__round.JPG', 17810, NULL, NULL, 450, 350, NULL, 81),
(208, 'image/jpeg', 'Gather__round_thumb.JPG', 2609, 207, 'thumb', 150, 117, NULL, NULL),
(209, 'image/jpeg', 'Gliding.JPG', 15960, NULL, NULL, 450, 350, NULL, 82),
(210, 'image/jpeg', 'Gliding_thumb.JPG', 2761, 209, 'thumb', 150, 117, NULL, NULL),
(211, 'image/jpeg', 'Highlights.JPG', 20495, NULL, NULL, 450, 350, NULL, 83),
(212, 'image/jpeg', 'Highlights_thumb.JPG', 2938, 211, 'thumb', 150, 117, NULL, NULL),
(213, 'image/jpeg', 'In_formation.JPG', 22466, NULL, NULL, 350, 450, NULL, 84),
(214, 'image/jpeg', 'In_formation_thumb.JPG', 4868, 213, 'thumb', 150, 193, NULL, NULL),
(215, 'image/jpeg', 'Influential.JPG', 13251, NULL, NULL, 450, 350, NULL, 85),
(216, 'image/jpeg', 'Influential_thumb.JPG', 2151, 215, 'thumb', 150, 117, NULL, NULL),
(217, 'image/jpeg', 'Invitation.JPG', 51617, NULL, NULL, 350, 450, NULL, 86),
(218, 'image/jpeg', 'Invitation_thumb.JPG', 8311, 217, 'thumb', 150, 193, NULL, NULL),
(219, 'image/jpeg', 'Look_this_way.JPG', 38833, NULL, NULL, 350, 450, NULL, 87),
(220, 'image/jpeg', 'Look_this_way_thumb.JPG', 6143, 219, 'thumb', 150, 193, NULL, NULL),
(221, 'image/jpeg', 'Lunar_sea.JPG', 18337, NULL, NULL, 450, 351, NULL, 88),
(222, 'image/jpeg', 'Lunar_sea_thumb.JPG', 2560, 221, 'thumb', 150, 117, NULL, NULL),
(223, 'image/jpeg', 'No_peer.JPG', 19332, NULL, NULL, 450, 350, NULL, 89),
(224, 'image/jpeg', 'No_peer_thumb.JPG', 3163, 223, 'thumb', 150, 117, NULL, NULL),
(225, 'image/jpeg', 'Outstanding.JPG', 31806, NULL, NULL, 350, 450, NULL, 90),
(226, 'image/jpeg', 'Outstanding_thumb.JPG', 5508, 225, 'thumb', 150, 193, NULL, NULL),
(227, 'image/jpeg', 'Reminders.JPG', 33154, NULL, NULL, 450, 350, NULL, 91),
(228, 'image/jpeg', 'Reminders_thumb.JPG', 4252, 227, 'thumb', 150, 117, NULL, NULL),
(229, 'image/jpeg', 'Shape-shifters.JPG', 39654, NULL, NULL, 450, 350, NULL, 92),
(230, 'image/jpeg', 'Shape-shifters_thumb.JPG', 4282, 229, 'thumb', 150, 117, NULL, NULL),
(231, 'image/jpeg', 'Shedding_light.JPG', 64598, NULL, NULL, 350, 450, NULL, 93),
(232, 'image/jpeg', 'Shedding_light_thumb.JPG', 10391, 231, 'thumb', 150, 193, NULL, NULL),
(233, 'image/jpeg', 'So_fine.JPG', 44070, NULL, NULL, 450, 350, NULL, 94),
(234, 'image/jpeg', 'So_fine_thumb.JPG', 4165, 233, 'thumb', 150, 117, NULL, NULL),
(235, 'image/jpeg', 'That_one_spot.JPG', 16398, NULL, NULL, 450, 350, NULL, 95),
(236, 'image/jpeg', 'That_one_spot_thumb.JPG', 2437, 235, 'thumb', 150, 117, NULL, NULL),
(237, 'image/jpeg', 'Times_two.JPG', 20422, NULL, NULL, 450, 350, NULL, 96),
(238, 'image/jpeg', 'Times_two_thumb.JPG', 3240, 237, 'thumb', 150, 117, NULL, NULL),
(239, 'image/jpeg', 'To_the_edge.JPG', 47786, NULL, NULL, 450, 350, NULL, 97),
(240, 'image/jpeg', 'To_the_edge_thumb.JPG', 4434, 239, 'thumb', 150, 117, NULL, NULL),
(241, 'image/jpeg', 'Turn_around.JPG', 22429, NULL, NULL, 450, 350, NULL, 98),
(242, 'image/jpeg', 'Turn_around_thumb.JPG', 3318, 241, 'thumb', 150, 117, NULL, NULL),
(243, 'image/jpeg', 'Two_orbs.JPG', 25401, NULL, NULL, 450, 350, NULL, 99),
(244, 'image/jpeg', 'Two_orbs_thumb.JPG', 3358, 243, 'thumb', 150, 117, NULL, NULL),
(245, 'image/jpeg', 'A_different_world.JPG', 8182, NULL, NULL, 450, 350, NULL, 100),
(246, 'image/jpeg', 'A_different_world_thumb.JPG', 1057, 245, 'thumb', 150, 117, NULL, NULL),
(247, 'image/jpeg', 'Abiding_lights.JPG', 18663, NULL, NULL, 450, 350, NULL, 101),
(248, 'image/jpeg', 'Abiding_lights_thumb.JPG', 2974, 247, 'thumb', 150, 117, NULL, NULL),
(249, 'image/jpeg', 'Beach_bumblers.JPG', 25266, NULL, NULL, 450, 350, NULL, 102),
(250, 'image/jpeg', 'Beach_bumblers_thumb.JPG', 2514, 249, 'thumb', 150, 117, NULL, NULL),
(251, 'image/jpeg', 'Bright_night.JPG', 56472, NULL, NULL, 450, 350, NULL, 103),
(252, 'image/jpeg', 'Bright_night_thumb.JPG', 5818, 251, 'thumb', 150, 117, NULL, NULL),
(253, 'image/jpeg', 'Burst.JPG', 39162, NULL, NULL, 350, 450, NULL, 104),
(254, 'image/jpeg', 'Burst_thumb.JPG', 7206, 253, 'thumb', 150, 193, NULL, NULL),
(255, 'image/jpeg', 'Celebrate.JPG', 39216, NULL, NULL, 350, 450, NULL, 105),
(256, 'image/jpeg', 'Celebrate_thumb.JPG', 7117, 255, 'thumb', 150, 193, NULL, NULL),
(259, 'image/jpeg', 'Every_which_way.JPG', 57359, NULL, NULL, 350, 450, NULL, 107),
(260, 'image/jpeg', 'Every_which_way_thumb.JPG', 9150, 259, 'thumb', 150, 193, NULL, NULL),
(261, 'image/jpeg', 'Flat_out.JPG', 29139, NULL, NULL, 450, 350, NULL, 108),
(262, 'image/jpeg', 'Flat_out_thumb.JPG', 3021, 261, 'thumb', 150, 117, NULL, NULL),
(263, 'image/jpeg', 'For_a_good_pause.JPG', 50042, NULL, NULL, 450, 350, NULL, 109),
(264, 'image/jpeg', 'For_a_good_pause_thumb.JPG', 5175, 263, 'thumb', 150, 117, NULL, NULL),
(265, 'image/jpeg', 'Long_look.JPG', 25678, NULL, NULL, 450, 275, NULL, 110),
(266, 'image/jpeg', 'Long_look_thumb.JPG', 2356, 265, 'thumb', 150, 92, NULL, NULL),
(267, 'image/jpeg', 'Muffled.JPG', 19986, NULL, NULL, 450, 350, NULL, 111),
(268, 'image/jpeg', 'Muffled_thumb.JPG', 2307, 267, 'thumb', 150, 117, NULL, NULL),
(269, 'image/jpeg', 'Nesting.JPG', 12510, NULL, NULL, 350, 450, NULL, 112),
(270, 'image/jpeg', 'Nesting_thumb.JPG', 2732, 269, 'thumb', 150, 193, NULL, NULL),
(271, 'image/jpeg', 'No_more.JPG', 48879, NULL, NULL, 450, 350, NULL, 113),
(272, 'image/jpeg', 'No_more_thumb.JPG', 5109, 271, 'thumb', 150, 117, NULL, NULL),
(273, 'image/jpeg', 'Ocean_of_memories.JPG', 19458, NULL, NULL, 450, 350, NULL, 115),
(274, 'image/jpeg', 'Ocean_of_memories_thumb.JPG', 2145, 273, 'thumb', 150, 117, NULL, NULL),
(275, 'image/jpeg', 'One_direction.JPG', 27911, NULL, NULL, 450, 310, NULL, 116),
(276, 'image/jpeg', 'One_direction_thumb.JPG', 3850, 275, 'thumb', 150, 103, NULL, NULL),
(277, 'image/jpeg', 'Ornaments.JPG', 62786, NULL, NULL, 450, 350, NULL, 117),
(278, 'image/jpeg', 'Ornaments_thumb.JPG', 5980, 277, 'thumb', 150, 117, NULL, NULL),
(279, 'image/jpeg', 'Parked_for_fishing.JPG', 27334, NULL, NULL, 450, 350, NULL, 118),
(280, 'image/jpeg', 'Parked_for_fishing_thumb.JPG', 3408, 279, 'thumb', 150, 117, NULL, NULL),
(281, 'image/jpeg', 'Pillars.JPG', 20865, NULL, NULL, 450, 350, NULL, 119),
(282, 'image/jpeg', 'Pillars_thumb.JPG', 3024, 281, 'thumb', 150, 117, NULL, NULL),
(283, 'image/jpeg', 'Places__everyone.JPG', 38997, NULL, NULL, 450, 350, NULL, 120),
(284, 'image/jpeg', 'Places__everyone_thumb.JPG', 4594, 283, 'thumb', 150, 117, NULL, NULL),
(285, 'image/jpeg', 'Rapid_runner.JPG', 10136, NULL, NULL, 450, 350, NULL, 121),
(286, 'image/jpeg', 'Rapid_runner_thumb.JPG', 1352, 285, 'thumb', 150, 117, NULL, NULL),
(287, 'image/jpeg', 'Stirring.JPG', 22318, NULL, NULL, 450, 350, NULL, 122),
(288, 'image/jpeg', 'Stirring_thumb.JPG', 3147, 287, 'thumb', 150, 117, NULL, NULL),
(289, 'image/jpeg', 'Streams.JPG', 13296, NULL, NULL, 450, 255, NULL, 123),
(290, 'image/jpeg', 'Streams_thumb.JPG', 1857, 289, 'thumb', 150, 85, NULL, NULL),
(291, 'image/jpeg', 'The_masses.JPG', 51874, NULL, NULL, 450, 350, NULL, 124),
(292, 'image/jpeg', 'The_masses_thumb.JPG', 5818, 291, 'thumb', 150, 117, NULL, NULL),
(293, 'image/jpeg', 'A_foggy_notion.JPG', 26016, NULL, NULL, 450, 350, NULL, 125),
(294, 'image/jpeg', 'A_foggy_notion_thumb.JPG', 3605, 293, 'thumb', 150, 117, NULL, NULL),
(295, 'image/jpeg', 'Any_way.JPG', 55350, NULL, NULL, 450, 350, NULL, 126),
(296, 'image/jpeg', 'Any_way_thumb.JPG', 5086, 295, 'thumb', 150, 117, NULL, NULL),
(297, 'image/jpeg', 'As_one.JPG', 11325, NULL, NULL, 450, 350, NULL, 127),
(298, 'image/jpeg', 'As_one_thumb.JPG', 1778, 297, 'thumb', 150, 117, NULL, NULL),
(299, 'image/jpeg', 'Bright_spot.JPG', 56184, NULL, NULL, 450, 350, NULL, 128),
(300, 'image/jpeg', 'Bright_spot_thumb.JPG', 5895, 299, 'thumb', 150, 117, NULL, NULL),
(301, 'image/jpeg', 'Caught.JPG', 51486, NULL, NULL, 450, 350, NULL, 129),
(302, 'image/jpeg', 'Caught_thumb.JPG', 5582, 301, 'thumb', 150, 117, NULL, NULL),
(303, 'image/jpeg', 'Contemplation.JPG', 21982, NULL, NULL, 450, 350, NULL, 130),
(304, 'image/jpeg', 'Contemplation_thumb.JPG', 2771, 303, 'thumb', 150, 117, NULL, NULL),
(305, 'image/jpeg', 'Early_morning.JPG', 10340, NULL, NULL, 450, 350, NULL, 131),
(306, 'image/jpeg', 'Early_morning_thumb.JPG', 1501, 305, 'thumb', 150, 117, NULL, NULL),
(307, 'image/jpeg', 'Enjoying_the_view.JPG', 36675, NULL, NULL, 450, 350, NULL, 132),
(308, 'image/jpeg', 'Enjoying_the_view_thumb.JPG', 3444, 307, 'thumb', 150, 117, NULL, NULL),
(309, 'image/jpeg', 'In_common.JPG', 23595, NULL, NULL, 450, 350, NULL, 133),
(310, 'image/jpeg', 'In_common_thumb.JPG', 2604, 309, 'thumb', 150, 117, NULL, NULL),
(311, 'image/jpeg', 'Lunar_cruiser.JPG', 14319, NULL, NULL, 450, 350, NULL, 134),
(312, 'image/jpeg', 'Lunar_cruiser_thumb.JPG', 2191, 311, 'thumb', 150, 117, NULL, NULL),
(313, 'image/jpeg', 'Magical_mica.JPG', 29459, NULL, NULL, 350, 450, NULL, 135),
(314, 'image/jpeg', 'Magical_mica_thumb.JPG', 5883, 313, 'thumb', 150, 193, NULL, NULL),
(315, 'image/jpeg', 'Morning_cruise.JPG', 12540, NULL, NULL, 450, 350, NULL, 136),
(316, 'image/jpeg', 'Morning_cruise_thumb.JPG', 1613, 315, 'thumb', 150, 117, NULL, NULL),
(317, 'image/jpeg', 'One_of_many.JPG', 34391, NULL, NULL, 350, 450, NULL, 137),
(318, 'image/jpeg', 'One_of_many_thumb.JPG', 6340, 317, 'thumb', 150, 193, NULL, NULL),
(319, 'image/jpeg', 'Perpetual_motion.JPG', 24143, NULL, NULL, 350, 450, NULL, 138),
(320, 'image/jpeg', 'Perpetual_motion_thumb.JPG', 4950, 319, 'thumb', 150, 193, NULL, NULL),
(321, 'image/jpeg', 'Pristine.JPG', 17777, NULL, NULL, 450, 350, NULL, 139),
(322, 'image/jpeg', 'Pristine_thumb.JPG', 2299, 321, 'thumb', 150, 117, NULL, NULL),
(323, 'image/jpeg', 'Reaching.JPG', 60556, NULL, NULL, 450, 350, NULL, 140),
(324, 'image/jpeg', 'Reaching_thumb.JPG', 5630, 323, 'thumb', 150, 117, NULL, NULL),
(325, 'image/jpeg', 'Solid_movement.JPG', 34216, NULL, NULL, 350, 450, NULL, 141),
(326, 'image/jpeg', 'Solid_movement_thumb.JPG', 7186, 325, 'thumb', 150, 193, NULL, NULL),
(327, 'image/jpeg', 'Splits.JPG', 56278, NULL, NULL, 450, 350, NULL, 142),
(328, 'image/jpeg', 'Splits_thumb.JPG', 5230, 327, 'thumb', 150, 117, NULL, NULL),
(329, 'image/jpeg', 'Two_classics.JPG', 43958, NULL, NULL, 450, 350, NULL, 143),
(330, 'image/jpeg', 'Two_classics_thumb.JPG', 4898, 329, 'thumb', 150, 117, NULL, NULL),
(331, 'image/jpeg', 'When_dark_is_light.JPG', 17054, NULL, NULL, 450, 350, NULL, 144),
(332, 'image/jpeg', 'When_dark_is_light_thumb.JPG', 2043, 331, 'thumb', 150, 117, NULL, NULL),
(333, 'image/jpeg', 'White_waves.JPG', 38371, NULL, NULL, 450, 350, NULL, 145),
(334, 'image/jpeg', 'White_waves_thumb.JPG', 4085, 333, 'thumb', 150, 117, NULL, NULL),
(335, 'image/jpeg', 'Aplenty.JPG', 31636, NULL, NULL, 350, 450, NULL, 146),
(336, 'image/jpeg', 'Aplenty_thumb.JPG', 7761, 335, 'thumb', 150, 193, NULL, NULL),
(337, 'image/jpeg', 'Barreled_over.JPG', 26315, NULL, NULL, 350, 450, NULL, 147),
(338, 'image/jpeg', 'Barreled_over_thumb.JPG', 7098, 337, 'thumb', 150, 193, NULL, NULL),
(339, 'image/jpeg', 'Crisscrossed.JPG', 65957, NULL, NULL, 450, 350, NULL, 148),
(340, 'image/jpeg', 'Crisscrossed_thumb.JPG', 5803, 339, 'thumb', 150, 117, NULL, NULL),
(341, 'image/jpeg', 'Electrifying.JPG', 25379, NULL, NULL, 350, 450, NULL, 149),
(342, 'image/jpeg', 'Electrifying_thumb.JPG', 4699, 341, 'thumb', 150, 193, NULL, NULL),
(343, 'image/jpeg', 'Explosive.JPG', 43653, NULL, NULL, 350, 450, NULL, 150),
(344, 'image/jpeg', 'Explosive_thumb.JPG', 7194, 343, 'thumb', 150, 193, NULL, NULL),
(345, 'image/jpeg', 'Fateful.JPG', 58868, NULL, NULL, 350, 450, NULL, 151),
(346, 'image/jpeg', 'Fateful_thumb.JPG', 10502, 345, 'thumb', 150, 193, NULL, NULL),
(347, 'image/jpeg', 'Getaway.JPG', 28490, NULL, NULL, 350, 450, NULL, 152),
(348, 'image/jpeg', 'Getaway_thumb.JPG', 5477, 347, 'thumb', 150, 193, NULL, NULL),
(349, 'image/jpeg', 'Immersed.JPG', 14752, NULL, NULL, 450, 350, NULL, 153),
(350, 'image/jpeg', 'Immersed_thumb.JPG', 2609, 349, 'thumb', 150, 117, NULL, NULL),
(351, 'image/jpeg', 'Light_spots.JPG', 61918, NULL, NULL, 350, 450, NULL, 154),
(352, 'image/jpeg', 'Light_spots_thumb.JPG', 10094, 351, 'thumb', 150, 193, NULL, NULL),
(353, 'image/jpeg', 'Lightness.JPG', 42126, NULL, NULL, 450, 350, NULL, 155),
(354, 'image/jpeg', 'Lightness_thumb.JPG', 5555, 353, 'thumb', 150, 117, NULL, NULL),
(355, 'image/jpeg', 'Making_the_split.JPG', 15500, NULL, NULL, 450, 350, NULL, 156),
(356, 'image/jpeg', 'Making_the_split_thumb.JPG', 2132, 355, 'thumb', 150, 117, NULL, NULL),
(357, 'image/jpeg', 'Popping.JPG', 57777, NULL, NULL, 450, 350, NULL, 157),
(358, 'image/jpeg', 'Popping_thumb.JPG', 7594, 357, 'thumb', 150, 117, NULL, NULL),
(359, 'image/jpeg', 'Seasoned.JPG', 68575, NULL, NULL, 450, 350, NULL, 158),
(360, 'image/jpeg', 'Seasoned_thumb.JPG', 6702, 359, 'thumb', 150, 117, NULL, NULL),
(361, 'image/jpeg', 'So_big__so_small.JPG', 33292, NULL, NULL, 450, 350, NULL, 159),
(362, 'image/jpeg', 'So_big__so_small_thumb.JPG', 3796, 361, 'thumb', 150, 117, NULL, NULL),
(363, 'image/jpeg', 'The_look.JPG', 26492, NULL, NULL, 350, 450, NULL, 160),
(364, 'image/jpeg', 'The_look_thumb.JPG', 5927, 363, 'thumb', 150, 193, NULL, NULL),
(365, 'image/jpeg', 'Wondering.JPG', 31986, NULL, NULL, 450, 350, NULL, 161),
(366, 'image/jpeg', 'Wondering_thumb.JPG', 3657, 365, 'thumb', 150, 117, NULL, NULL),
(367, 'image/jpeg', 'Worlds_apart.JPG', 45329, NULL, NULL, 450, 350, NULL, 162),
(368, 'image/jpeg', 'Worlds_apart_thumb.JPG', 4900, 367, 'thumb', 150, 117, NULL, NULL),
(369, 'image/jpeg', 'A_string_of_sunfish.JPG', 35678, NULL, NULL, 450, 350, NULL, 163),
(370, 'image/jpeg', 'A_string_of_sunfish_thumb.JPG', 4888, 369, 'thumb', 150, 117, NULL, NULL),
(371, 'image/jpeg', 'Awash.JPG', 45006, NULL, NULL, 350, 450, NULL, 164),
(372, 'image/jpeg', 'Awash_thumb.JPG', 7672, 371, 'thumb', 150, 193, NULL, NULL),
(373, 'image/jpeg', 'Casting_light.JPG', 44929, NULL, NULL, 450, 350, NULL, 165),
(374, 'image/jpeg', 'Casting_light_thumb.JPG', 5207, 373, 'thumb', 150, 117, NULL, NULL),
(375, 'image/jpeg', 'Cedar_Point_summer.JPG', 46717, NULL, NULL, 450, 350, NULL, 166),
(376, 'image/jpeg', 'Cedar_Point_summer_thumb.JPG', 5492, 375, 'thumb', 150, 117, NULL, NULL),
(377, 'image/jpeg', 'Depths_of_knowledge.JPG', 14046, NULL, NULL, 450, 350, NULL, 167),
(378, 'image/jpeg', 'Depths_of_knowledge_thumb.JPG', 2027, 377, 'thumb', 150, 117, NULL, NULL),
(379, 'image/jpeg', 'Fantasy.JPG', 29566, NULL, NULL, 450, 350, NULL, 168),
(380, 'image/jpeg', 'Fantasy_thumb.JPG', 3211, 379, 'thumb', 150, 117, NULL, NULL),
(381, 'image/jpeg', 'Fluid_motion.JPG', 33067, NULL, NULL, 450, 350, NULL, 169),
(382, 'image/jpeg', 'Fluid_motion_thumb.JPG', 3472, 381, 'thumb', 150, 117, NULL, NULL),
(383, 'image/jpeg', 'From_one_to_the_other.JPG', 43398, NULL, NULL, 450, 350, NULL, 170),
(384, 'image/jpeg', 'From_one_to_the_other_thumb.JPG', 5077, 383, 'thumb', 150, 117, NULL, NULL),
(385, 'image/jpeg', 'Full_bloom.JPG', 50000, NULL, NULL, 450, 350, NULL, 171),
(386, 'image/jpeg', 'Full_bloom_thumb.JPG', 5334, 385, 'thumb', 150, 117, NULL, NULL),
(387, 'image/jpeg', 'Fullness.JPG', 54526, NULL, NULL, 450, 350, NULL, 172),
(388, 'image/jpeg', 'Fullness_thumb.JPG', 5141, 387, 'thumb', 150, 117, NULL, NULL),
(389, 'image/jpeg', 'Here_and_there.JPG', 38681, NULL, NULL, 450, 350, NULL, 173),
(390, 'image/jpeg', 'Here_and_there_thumb.JPG', 5034, 389, 'thumb', 150, 117, NULL, NULL),
(391, 'image/jpeg', 'Intersections.JPG', 38011, NULL, NULL, 450, 350, NULL, 174),
(392, 'image/jpeg', 'Intersections_thumb.JPG', 4448, 391, 'thumb', 150, 117, NULL, NULL),
(393, 'image/jpeg', 'Large_opening.JPG', 52264, NULL, NULL, 450, 350, NULL, 175),
(394, 'image/jpeg', 'Large_opening_thumb.JPG', 5672, 393, 'thumb', 150, 117, NULL, NULL),
(395, 'image/jpeg', 'Light_conversation.JPG', 38446, NULL, NULL, 450, 350, NULL, 176),
(396, 'image/jpeg', 'Light_conversation_thumb.JPG', 4529, 395, 'thumb', 150, 117, NULL, NULL),
(397, 'image/jpeg', 'Light_waves.JPG', 45230, NULL, NULL, 350, 450, NULL, 177),
(398, 'image/jpeg', 'Light_waves_thumb.JPG', 6697, 397, 'thumb', 150, 193, NULL, NULL),
(399, 'image/jpeg', 'Lights_of_knowledge.JPG', 13814, NULL, NULL, 265, 450, NULL, 178),
(400, 'image/jpeg', 'Lights_of_knowledge_thumb.JPG', 4841, 399, 'thumb', 150, 255, NULL, NULL),
(401, 'image/jpeg', 'Occupied.JPG', 35433, NULL, NULL, 450, 350, NULL, 179),
(402, 'image/jpeg', 'Occupied_thumb.JPG', 4099, 401, 'thumb', 150, 117, NULL, NULL),
(403, 'image/jpeg', 'Off_season.JPG', 29302, NULL, NULL, 450, 350, NULL, 180),
(404, 'image/jpeg', 'Off_season_thumb.JPG', 3670, 403, 'thumb', 150, 117, NULL, NULL),
(405, 'image/jpeg', 'Privileged.JPG', 56862, NULL, NULL, 450, 350, NULL, 181),
(406, 'image/jpeg', 'Privileged_thumb.JPG', 5667, 405, 'thumb', 150, 117, NULL, NULL),
(407, 'image/jpeg', 'Shouting.JPG', 47805, NULL, NULL, 450, 350, NULL, 183),
(408, 'image/jpeg', 'Shouting_thumb.JPG', 4659, 407, 'thumb', 150, 117, NULL, NULL),
(409, 'image/jpeg', 'Skyward.JPG', 51399, NULL, NULL, 350, 450, NULL, 184),
(410, 'image/jpeg', 'Skyward_thumb.JPG', 9872, 409, 'thumb', 150, 193, NULL, NULL),
(411, 'image/jpeg', 'Stretching.JPG', 31362, NULL, NULL, 439, 318, NULL, 185),
(412, 'image/jpeg', 'Stretching_thumb.JPG', 4244, 411, 'thumb', 150, 109, NULL, NULL),
(413, 'image/jpeg', 'Toys.JPG', 52415, NULL, NULL, 350, 450, NULL, 186),
(414, 'image/jpeg', 'Toys_thumb.JPG', 8562, 413, 'thumb', 150, 193, NULL, NULL),
(415, 'image/jpeg', 'Vacant.JPG', 40226, NULL, NULL, 350, 450, NULL, 187),
(416, 'image/jpeg', 'Vacant_thumb.JPG', 7591, 415, 'thumb', 150, 193, NULL, NULL),
(417, 'image/jpeg', 'Watermarks.JPG', 43544, NULL, NULL, 350, 450, NULL, 188),
(418, 'image/jpeg', 'Watermarks_thumb.JPG', 8222, 417, 'thumb', 150, 193, NULL, NULL),
(419, 'image/jpeg', 'Winter_wonderland.JPG', 52011, NULL, NULL, 350, 450, NULL, 189),
(420, 'image/jpeg', 'Winter_wonderland_thumb.JPG', 8911, 419, 'thumb', 150, 193, NULL, NULL),
(421, 'image/jpeg', 'Another_day.JPG', 10533, NULL, NULL, 450, 350, NULL, 190),
(422, 'image/jpeg', 'Another_day_thumb.JPG', 1376, 421, 'thumb', 150, 117, NULL, NULL),
(423, 'image/jpeg', 'Between_the_lines.JPG', 68908, NULL, NULL, 350, 450, NULL, 191),
(424, 'image/jpeg', 'Between_the_lines_thumb.JPG', 10834, 423, 'thumb', 150, 193, NULL, NULL),
(425, 'image/jpeg', 'Cold_warmth.JPG', 38089, NULL, NULL, 450, 350, NULL, 192),
(426, 'image/jpeg', 'Cold_warmth_thumb.JPG', 3823, 425, 'thumb', 150, 117, NULL, NULL),
(427, 'image/jpeg', 'Cut_off.JPG', 51239, NULL, NULL, 450, 350, NULL, 193),
(428, 'image/jpeg', 'Cut_off_thumb.JPG', 4918, 427, 'thumb', 150, 117, NULL, NULL),
(429, 'image/jpeg', 'Days_are_numbered.JPG', 35866, NULL, NULL, 350, 450, NULL, 194),
(430, 'image/jpeg', 'Days_are_numbered_thumb.JPG', 6682, 429, 'thumb', 150, 193, NULL, NULL),
(431, 'image/jpeg', 'Deep_reflection.JPG', 62295, NULL, NULL, 450, 350, NULL, 195),
(432, 'image/jpeg', 'Deep_reflection_thumb.JPG', 5737, 431, 'thumb', 150, 117, NULL, NULL),
(433, 'image/jpeg', 'Earthmover.JPG', 36170, NULL, NULL, 450, 350, NULL, 196),
(434, 'image/jpeg', 'Earthmover_thumb.JPG', 4493, 433, 'thumb', 150, 117, NULL, NULL),
(435, 'image/jpeg', 'Embracing.JPG', 52631, NULL, NULL, 450, 350, NULL, 197),
(436, 'image/jpeg', 'Embracing_thumb.JPG', 5601, 435, 'thumb', 150, 117, NULL, NULL),
(437, 'image/jpeg', 'Entry_denied.JPG', 28419, NULL, NULL, 350, 450, NULL, 198),
(438, 'image/jpeg', 'Entry_denied_thumb.JPG', 5636, 437, 'thumb', 150, 193, NULL, NULL),
(439, 'image/jpeg', 'Fanning_out.JPG', 63428, NULL, NULL, 350, 450, NULL, 199),
(440, 'image/jpeg', 'Fanning_out_thumb.JPG', 10775, 439, 'thumb', 150, 193, NULL, NULL),
(441, 'image/jpeg', 'Foodstuffed.JPG', 36133, NULL, NULL, 450, 350, NULL, 200),
(442, 'image/jpeg', 'Foodstuffed_thumb.JPG', 3585, 441, 'thumb', 150, 117, NULL, NULL),
(443, 'image/jpeg', 'Glitter.JPG', 44117, NULL, NULL, 450, 350, NULL, 201),
(444, 'image/jpeg', 'Glitter_thumb.JPG', 5066, 443, 'thumb', 150, 117, NULL, NULL),
(445, 'image/jpeg', 'Go_for_a_ride.JPG', 34063, NULL, NULL, 350, 450, NULL, 202),
(446, 'image/jpeg', 'Go_for_a_ride_thumb.JPG', 6852, 445, 'thumb', 150, 193, NULL, NULL),
(447, 'image/jpeg', 'Grand_opening.JPG', 39908, NULL, NULL, 350, 450, NULL, 203),
(448, 'image/jpeg', 'Grand_opening_thumb.JPG', 9086, 447, 'thumb', 150, 193, NULL, NULL),
(449, 'image/jpeg', 'How_you_ve_grown.JPG', 56041, NULL, NULL, 450, 350, NULL, 204),
(450, 'image/jpeg', 'How_you_ve_grown_thumb.JPG', 5183, 449, 'thumb', 150, 117, NULL, NULL),
(451, 'image/jpeg', 'Last_election_day.JPG', 37396, NULL, NULL, 350, 450, NULL, 205),
(452, 'image/jpeg', 'Last_election_day_thumb.JPG', 6689, 451, 'thumb', 150, 193, NULL, NULL),
(453, 'image/jpeg', 'Losing_track_of_time.JPG', 20414, NULL, NULL, 350, 450, NULL, 206),
(454, 'image/jpeg', 'Losing_track_of_time_thumb.JPG', 4622, 453, 'thumb', 150, 193, NULL, NULL),
(455, 'image/jpeg', 'Lost_pride.JPG', 53204, NULL, NULL, 450, 350, NULL, 207),
(456, 'image/jpeg', 'Lost_pride_thumb.JPG', 5489, 455, 'thumb', 150, 117, NULL, NULL),
(457, 'image/jpeg', 'Night_flight.JPG', 23545, NULL, NULL, 350, 450, NULL, 208),
(458, 'image/jpeg', 'Night_flight_thumb.JPG', 5139, 457, 'thumb', 150, 193, NULL, NULL),
(459, 'image/jpeg', 'Oops.JPG', 42281, NULL, NULL, 350, 450, NULL, 209),
(460, 'image/jpeg', 'Oops_thumb.JPG', 7375, 459, 'thumb', 150, 193, NULL, NULL),
(461, 'image/jpeg', 'Outgrown.JPG', 55551, NULL, NULL, 350, 450, NULL, 210),
(462, 'image/jpeg', 'Outgrown_thumb.JPG', 8652, 461, 'thumb', 150, 193, NULL, NULL),
(463, 'image/jpeg', 'Past_and_present.JPG', 55064, NULL, NULL, 450, 350, NULL, 211),
(464, 'image/jpeg', 'Past_and_present_thumb.JPG', 5267, 463, 'thumb', 150, 117, NULL, NULL),
(465, 'image/jpeg', 'Sun_diver.JPG', 23852, NULL, NULL, 450, 350, NULL, 212),
(466, 'image/jpeg', 'Sun_diver_thumb.JPG', 3793, 465, 'thumb', 150, 117, NULL, NULL),
(467, 'image/jpeg', 'Take_me_with_you.JPG', 20782, NULL, NULL, 450, 350, NULL, 213),
(468, 'image/jpeg', 'Take_me_with_you_thumb.JPG', 2512, 467, 'thumb', 150, 117, NULL, NULL),
(469, 'image/jpeg', 'Teetering.JPG', 16457, NULL, NULL, 450, 350, NULL, 214),
(470, 'image/jpeg', 'Teetering_thumb.JPG', 2448, 469, 'thumb', 150, 117, NULL, NULL),
(471, 'image/jpeg', 'Thick_and_thin.JPG', 27986, NULL, NULL, 350, 450, NULL, 215),
(472, 'image/jpeg', 'Thick_and_thin_thumb.JPG', 6749, 471, 'thumb', 150, 193, NULL, NULL),
(473, 'image/jpeg', 'Touched_by_the_light.JPG', 19546, NULL, NULL, 350, 450, NULL, 216),
(474, 'image/jpeg', 'Touched_by_the_light_thumb.JPG', 4276, 473, 'thumb', 150, 193, NULL, NULL),
(475, 'image/jpeg', 'Years_gone_by.JPG', 69826, NULL, NULL, 450, 350, NULL, 217),
(476, 'image/jpeg', 'Years_gone_by_thumb.JPG', 6327, 475, 'thumb', 150, 117, NULL, NULL),
(477, 'image/jpeg', 'Ajar.JPG', 21765, NULL, NULL, 450, 270, NULL, 218),
(478, 'image/jpeg', 'Ajar_thumb.JPG', 2906, 477, 'thumb', 150, 90, NULL, NULL),
(479, 'image/jpeg', 'Alignment.JPG', 36728, NULL, NULL, 350, 450, NULL, 219),
(480, 'image/jpeg', 'Alignment_thumb.JPG', 7117, 479, 'thumb', 150, 193, NULL, NULL),
(481, 'image/jpeg', 'Can_you_imagine.JPG', 8111, NULL, NULL, 350, 450, NULL, 220),
(482, 'image/jpeg', 'Can_you_imagine_thumb.JPG', 2039, 481, 'thumb', 150, 193, NULL, NULL),
(483, 'image/jpeg', 'Co-existing.JPG', 38615, NULL, NULL, 450, 350, NULL, 221),
(484, 'image/jpeg', 'Co-existing_thumb.JPG', 3934, 483, 'thumb', 150, 117, NULL, NULL),
(485, 'image/jpeg', 'Crossing.JPG', 58293, NULL, NULL, 350, 450, NULL, 222),
(486, 'image/jpeg', 'Crossing_thumb.JPG', 8790, 485, 'thumb', 150, 193, NULL, NULL),
(487, 'image/jpeg', 'Ever-changing.JPG', 16225, NULL, NULL, 450, 269, NULL, 223),
(488, 'image/jpeg', 'Ever-changing_thumb.JPG', 2009, 487, 'thumb', 150, 90, NULL, NULL),
(489, 'image/jpeg', 'Expanding.JPG', 44903, NULL, NULL, 450, 350, NULL, 224),
(490, 'image/jpeg', 'Expanding_thumb.JPG', 4192, 489, 'thumb', 150, 117, NULL, NULL),
(491, 'image/jpeg', 'Expression.JPG', 22431, NULL, NULL, 450, 350, NULL, 225),
(492, 'image/jpeg', 'Expression_thumb.JPG', 2963, 491, 'thumb', 150, 117, NULL, NULL),
(493, 'image/jpeg', 'Fireball.JPG', 9905, NULL, NULL, 450, 350, NULL, 226),
(494, 'image/jpeg', 'Fireball_thumb.JPG', 1581, 493, 'thumb', 150, 117, NULL, NULL),
(495, 'image/jpeg', 'Going__going.JPG', 11491, NULL, NULL, 350, 450, NULL, 227),
(496, 'image/jpeg', 'Going__going_thumb.JPG', 2836, 495, 'thumb', 150, 193, NULL, NULL),
(497, 'image/jpeg', 'Likenesses.JPG', 17748, NULL, NULL, 350, 450, NULL, 228),
(498, 'image/jpeg', 'Likenesses_thumb.JPG', 4795, 497, 'thumb', 150, 193, NULL, NULL),
(499, 'image/jpeg', 'Making_tracks.JPG', 27759, NULL, NULL, 350, 450, NULL, 229),
(500, 'image/jpeg', 'Making_tracks_thumb.JPG', 4399, 499, 'thumb', 150, 193, NULL, NULL),
(501, 'image/jpeg', 'Old_and_new.JPG', 16350, NULL, NULL, 450, 300, NULL, 230),
(502, 'image/jpeg', 'Old_and_new_thumb.JPG', 2035, 501, 'thumb', 150, 100, NULL, NULL),
(503, 'image/jpeg', 'Powder.JPG', 59653, NULL, NULL, 450, 350, NULL, 231),
(504, 'image/jpeg', 'Powder_thumb.JPG', 5473, 503, 'thumb', 150, 117, NULL, NULL),
(505, 'image/jpeg', 'Searching.JPG', 59472, NULL, NULL, 450, 350, NULL, 232),
(506, 'image/jpeg', 'Searching_thumb.JPG', 5336, 505, 'thumb', 150, 117, NULL, NULL),
(507, 'image/jpeg', 'Seeing_the_light.JPG', 9761, NULL, NULL, 450, 350, NULL, 233),
(508, 'image/jpeg', 'Seeing_the_light_thumb.JPG', 2044, 507, 'thumb', 150, 117, NULL, NULL),
(509, 'image/jpeg', 'Seeing.JPG', 32980, NULL, NULL, 450, 350, NULL, 234),
(510, 'image/jpeg', 'Seeing_thumb.JPG', 3547, 509, 'thumb', 150, 117, NULL, NULL),
(511, 'image/jpeg', 'Short_bloom.JPG', 54437, NULL, NULL, 350, 450, NULL, 235),
(512, 'image/jpeg', 'Short_bloom_thumb.JPG', 9218, 511, 'thumb', 150, 193, NULL, NULL),
(513, 'image/jpeg', 'Spectrum.JPG', 57427, NULL, NULL, 450, 350, NULL, 236),
(514, 'image/jpeg', 'Spectrum_thumb.JPG', 4961, 513, 'thumb', 150, 117, NULL, NULL),
(515, 'image/jpeg', 'Stalking.JPG', 14413, NULL, NULL, 350, 450, NULL, 237),
(516, 'image/jpeg', 'Stalking_thumb.JPG', 3581, 515, 'thumb', 150, 193, NULL, NULL),
(517, 'image/jpeg', 'Swinging_and_swaying.JPG', 49394, NULL, NULL, 450, 350, NULL, 238),
(518, 'image/jpeg', 'Swinging_and_swaying_thumb.JPG', 4956, 517, 'thumb', 150, 117, NULL, NULL),
(519, 'image/jpeg', 'Times_two.JPG', 23077, NULL, NULL, 450, 350, NULL, 239),
(520, 'image/jpeg', 'Times_two_thumb.JPG', 2969, 519, 'thumb', 150, 117, NULL, NULL),
(521, 'image/jpeg', 'To_be_there.JPG', 19097, NULL, NULL, 450, 350, NULL, 240),
(522, 'image/jpeg', 'To_be_there_thumb.JPG', 3133, 521, 'thumb', 150, 117, NULL, NULL),
(523, 'image/jpeg', 'Two_in_one.JPG', 50608, NULL, NULL, 450, 350, NULL, 241),
(524, 'image/jpeg', 'Two_in_one_thumb.JPG', 5214, 523, 'thumb', 150, 117, NULL, NULL),
(525, 'image/jpeg', 'Unmotivated.JPG', 33498, NULL, NULL, 350, 450, NULL, 242),
(526, 'image/jpeg', 'Unmotivated_thumb.JPG', 6464, 525, 'thumb', 150, 193, NULL, NULL),
(529, 'image/jpeg', 'Fun_for_all.JPG', 36466, NULL, NULL, 450, 350, NULL, 244),
(530, 'image/jpeg', 'Fun_for_all_thumb.JPG', 4565, 529, 'thumb', 150, 117, NULL, NULL),
(531, 'image/pjpeg', 'Soon_to_change.JPG', 19547, NULL, NULL, 450, 350, NULL, 245),
(532, 'image/pjpeg', 'Soon_to_change_thumb.JPG', 2545, 531, 'thumb', 150, 117, NULL, NULL),
(533, 'image/pjpeg', 'Staying_put.JPG', 18968, NULL, NULL, 450, 350, NULL, 246),
(534, 'image/pjpeg', 'Staying_put_thumb.JPG', 2638, 533, 'thumb', 150, 117, NULL, NULL),
(537, 'image/pjpeg', 'Treemendous.JPG', 42102, NULL, NULL, 350, 450, NULL, 248),
(538, 'image/pjpeg', 'Treemendous_thumb.JPG', 6948, 537, 'thumb', 150, 193, NULL, NULL),
(541, 'image/pjpeg', 'Angular_ball.JPG', 41622, NULL, NULL, 350, 450, NULL, 250),
(542, 'image/pjpeg', 'Angular_ball_thumb.JPG', 7204, 541, 'thumb', 150, 193, NULL, NULL),
(543, 'image/pjpeg', 'Impressions.JPG', 64882, NULL, NULL, 350, 450, NULL, 251),
(544, 'image/pjpeg', 'Impressions_thumb.JPG', 9337, 543, 'thumb', 150, 193, NULL, NULL);

-- --------------------------------------------------------

--
-- Table structure for table `line_items`
--

CREATE TABLE IF NOT EXISTS `line_items` (
  `id` int(11) NOT NULL AUTO_INCREMENT,
  `product_id` int(11) DEFAULT NULL,
  `order_id` int(11) DEFAULT NULL,
  `quantity` int(11) DEFAULT NULL,
  `unit_price` decimal(10,0) DEFAULT NULL,
  `total_price` decimal(8,2) NOT NULL,
  `size` varchar(255) DEFAULT NULL,
  `paper_type` varchar(255) DEFAULT NULL,
  PRIMARY KEY (`id`)
) ENGINE=InnoDB  DEFAULT CHARSET=latin1 AUTO_INCREMENT=22 ;

--
-- Dumping data for table `line_items`
--

INSERT INTO `line_items` (`id`, `product_id`, `order_id`, `quantity`, `unit_price`, `total_price`, `size`, `paper_type`) VALUES
(6, 107, 7, 1, NULL, '100.00', '4x5', 'Fiber'),
(7, 147, 9, 1, NULL, '100.00', '4x5', 'Fiber'),
(8, 125, 10, 1, NULL, '100.00', '4x5', 'Fiber'),
(9, 125, 10, 1, NULL, '140.00', '8x10', 'Fiber'),
(10, 125, 10, 1, NULL, '185.00', '11x14', 'Fiber'),
(11, 125, 11, 1, NULL, '100.00', '4x5', 'Fiber'),
(12, 125, 11, 1, NULL, '115.00', '5x7', 'Fiber'),
(13, 125, 11, 1, NULL, '140.00', '8x10', 'Fiber'),
(14, 125, 11, 1, NULL, '185.00', '11x14', 'Fiber'),
(15, 125, 11, 1, NULL, '250.00', '16x20', 'Fiber'),
(16, 125, 12, 1, NULL, '100.00', '4x5', 'Fiber'),
(17, 45, 14, 1, NULL, '100.00', '4x5', 'Fiber'),
(18, 79, 15, 1, NULL, '100.00', '4x5', 'Fiber'),
(19, 44, 16, 1, NULL, '100.00', '4x5', 'Fiber'),
(20, 117, 17, 1, NULL, '100.00', '4x5', 'Fiber'),
(21, 64, 18, 1, NULL, '100.00', '4x5', 'Fiber');

-- --------------------------------------------------------

--
-- Table structure for table `orders`
--

CREATE TABLE IF NOT EXISTS `orders` (
  `id` int(11) NOT NULL AUTO_INCREMENT,
  `last_name` varchar(255) DEFAULT NULL,
  `first_name` varchar(255) DEFAULT NULL,
  `email` varchar(255) DEFAULT NULL,
  `user_id` int(11) DEFAULT NULL,
  `created_on` datetime DEFAULT NULL,
  `created_at` datetime DEFAULT NULL,
  `modified_on` datetime DEFAULT NULL,
  `modified_at` datetime DEFAULT NULL,
  `pay_type` varchar(10) DEFAULT NULL,
  `address` varchar(40) DEFAULT NULL,
  `customer_id` int(11) DEFAULT NULL,
  PRIMARY KEY (`id`)
) ENGINE=InnoDB  DEFAULT CHARSET=latin1 AUTO_INCREMENT=19 ;

--
-- Dumping data for table `orders`
--

INSERT INTO `orders` (`id`, `last_name`, `first_name`, `email`, `user_id`, `created_on`, `created_at`, `modified_on`, `modified_at`, `pay_type`, `address`, `customer_id`) VALUES
(7, NULL, NULL, NULL, NULL, '2007-08-21 17:56:54', '2007-08-21 17:56:54', NULL, NULL, 'cc', NULL, 26),
(8, NULL, NULL, NULL, NULL, '2007-08-21 18:00:07', '2007-08-21 18:00:07', NULL, NULL, 'cc', NULL, 26),
(9, NULL, NULL, NULL, NULL, '2007-08-27 13:52:24', '2007-08-27 13:52:24', NULL, NULL, 'cc', NULL, 26),
(10, NULL, NULL, NULL, NULL, '2007-09-13 12:31:51', '2007-09-13 12:31:51', NULL, NULL, 'cc', NULL, 26),
(11, NULL, NULL, NULL, NULL, '2007-09-13 14:07:27', '2007-09-13 14:07:27', NULL, NULL, 'cc', NULL, 26),
(12, NULL, NULL, NULL, NULL, '2007-09-13 14:16:24', '2007-09-13 14:16:24', NULL, NULL, 'cc', NULL, 26),
(13, NULL, NULL, NULL, NULL, '2007-09-13 14:17:54', '2007-09-13 14:17:54', NULL, NULL, 'cc', NULL, 26),
(14, NULL, NULL, NULL, NULL, '2007-09-22 19:25:42', '2007-09-22 19:25:42', NULL, NULL, 'cc', NULL, 29),
(15, NULL, NULL, NULL, NULL, '2007-09-25 08:45:24', '2007-09-25 08:45:24', NULL, NULL, 'cc', NULL, 26),
(16, NULL, NULL, NULL, NULL, '2007-10-02 08:21:43', '2007-10-02 08:21:43', NULL, NULL, 'cc', NULL, 26),
(17, NULL, NULL, NULL, NULL, '2007-10-11 15:04:07', '2007-10-11 15:04:07', NULL, NULL, 'cc', NULL, 26),
(18, NULL, NULL, NULL, NULL, '2007-10-15 16:13:01', '2007-10-15 16:13:01', NULL, NULL, 'cc', NULL, 26);

-- --------------------------------------------------------

--
-- Table structure for table `photo_sizes`
--

CREATE TABLE IF NOT EXISTS `photo_sizes` (
  `id` int(11) NOT NULL AUTO_INCREMENT,
  `width` varchar(255) DEFAULT NULL,
  `height` varchar(255) DEFAULT NULL,
  `size` varchar(255) DEFAULT NULL,
  PRIMARY KEY (`id`)
) ENGINE=InnoDB DEFAULT CHARSET=latin1 AUTO_INCREMENT=1 ;

-- --------------------------------------------------------

--
-- Table structure for table `products`
--

CREATE TABLE IF NOT EXISTS `products` (
  `id` int(11) NOT NULL AUTO_INCREMENT,
  `title` varchar(255) DEFAULT NULL,
  `description` varchar(255) DEFAULT NULL,
  `date_taken` date DEFAULT NULL,
  `image_url` varchar(255) DEFAULT NULL,
  `price` decimal(8,2) DEFAULT '0.00',
  `gallery_id` int(11) DEFAULT NULL,
  PRIMARY KEY (`id`)
) ENGINE=InnoDB  DEFAULT CHARSET=latin1 AUTO_INCREMENT=252 ;

--
-- Dumping data for table `products`
--

INSERT INTO `products` (`id`, `title`, `description`, `date_taken`, `image_url`, `price`, `gallery_id`) VALUES
(20, 'Afresh', 'Stream and Old Mill, Delavan', '2005-01-06', NULL, '150.00', 2),
(21, 'Always in Season', 'Along Swan Creek, Delavan', '2003-11-06', NULL, '150.00', 2),
(23, 'Bask in It', 'Springs Park, Delavan', '1997-06-17', NULL, '0.00', 2),
(24, 'Blooming Day', 'Downtown Post Office From Library Lawn, Delavan', '2006-05-02', NULL, '0.00', 2),
(25, 'Cloud Talk', 'Over Delavan', '2005-03-30', NULL, '0.00', 2),
(26, 'Coming On', 'East Walworth Avenue, Delavan', '2006-05-02', NULL, '0.00', 2),
(27, 'Cotton Night', 'East Walworth Avenue, Downtown Delavan', '2000-03-20', NULL, '0.00', 2),
(28, 'Follow Me', 'Swan Creek Nature Trail, Delavan', '1996-10-14', NULL, '0.00', 2),
(31, 'Landmarks', 'Tower Park, Downtown Delavan', '1997-09-20', NULL, '0.00', 2),
(32, 'Look But Don''t Touch', 'Lake Comus, Delavan', '2000-04-07', NULL, '0.00', 2),
(33, 'Much to See', 'East Walworth Avenue, Downtown Delavan', '2006-04-28', NULL, '0.00', 2),
(34, 'Our New Look', 'Washington Street by Swan Creek, Delavan', '2005-03-17', NULL, '0.00', 2),
(35, 'Path of Purity', 'Swan Creek Nature Trail, Delavan', '2005-03-17', NULL, '0.00', 2),
(36, 'Spangled Stars', 'Over Lake Comus, Delavan', '2000-07-04', NULL, '0.00', 2),
(37, 'Spires', 'Looking East, Lake Comus, Delavan', NULL, NULL, '0.00', 2),
(38, 'Sweet Spot', 'Next to Post Office, Downtown Delavan', '2000-04-07', NULL, '0.00', 2),
(39, 'Taking Leave', 'Washington Street, Delavan', '2005-11-11', NULL, '0.00', 2),
(40, 'Towering Skies', 'Tower Park, Downtown Delavan', '1996-10-19', NULL, '0.00', 2),
(41, 'Two Waves', 'East Walworth Avenue, Downtown Delavan', '1999-06-14', NULL, '0.00', 2),
(42, 'Unwavering', 'East Walworth Avenue, Downtown Delavan', '1999-06-14', NULL, '0.00', 2),
(43, 'Waiting for You', 'Western Shore, Lake Comus, Delavan', NULL, NULL, '0.00', 2),
(44, 'All Is Calm', 'Western Shore of Geneva Lake, Fontana', '1979-11-02', NULL, '0.00', 1),
(45, 'All-Consuming', 'North Shore of Geneva Lake, East of Knollwood', '2002-05-10', NULL, '0.10', 1),
(46, 'Another Look', 'Black Point, South Shore of Geneva Lake', NULL, NULL, '0.10', 1),
(47, 'Beckoning', 'Knollwood Subdivision, North Shore, Geneva Lake', '2002-10-20', NULL, '0.00', 1),
(48, 'Churning', 'Button’s Bay, Geneva Lake', '2005-11-13', NULL, '0.00', 1),
(49, 'Cutting', 'Geneva Lake, Near George Williams College', '2003-10-19', NULL, '0.00', 1),
(50, 'Dried Out', 'Geneva Lake, North Shore', '2001-10-17', NULL, '0.00', 1),
(51, 'Fine Lines', 'Lorelei Near West Shore of Geneva Bay, Geneva Lake', '2000-09-09', NULL, '0.00', 1),
(52, 'Fire in the Sky', 'Geneva Lake, South Shore, East of Trinke Estates Subdivision', '2005-11-09', NULL, '0.00', 1),
(53, 'Her Blessing', 'Geneva Lake, South Shore, West of The Birches Subdivision', '2004-01-01', NULL, '0.00', 1),
(54, 'In Another Time', 'Geneva Lake, Black Point Mansion', '2005-10-04', NULL, '0.00', 1),
(55, 'Intermingling', 'Geneva Lake, Black Point', '2006-08-20', NULL, '0.00', 1),
(56, 'Leaving', 'Geneva Lake, North Shore, Near Jerseyhurst Estate', '2002-11-01', NULL, '0.00', 1),
(57, 'Majestic', 'Geneva Lake, Black Point Mansion', '2005-10-04', NULL, '0.00', 1),
(58, 'Munchin'' on Moonlight', 'Geneva Lake, North Shore, Elgin Club Subdivision', '1996-06-29', NULL, '0.00', 1),
(59, 'Overlooks', 'Geneva Lake, South Shore, West of Linn Pier', '2006-08-20', NULL, '0.00', 1),
(60, 'Paths of Light', 'Geneva Lake, North Shore, East of Knollwood Subdivision', '2005-10-29', NULL, '0.00', 1),
(61, 'Pure Envy', 'Geneva Lake, North Shore, Near Elgin Club Subdivision', '2005-10-29', NULL, '0.00', 1),
(62, 'Riding the Waves', 'Geneva Lake, North Shore, East of Knollwood Subdivision', '2002-10-20', NULL, '0.00', 1),
(63, 'Some Other Time', 'Geneva Lake, South Shore, Near The Lindens Subdivision', '1979-10-24', NULL, '0.00', 1),
(64, 'Stages', 'Geneva Lake, South Shore, In Front of South Shore Club', '2004-09-21', NULL, '0.00', 1),
(65, 'Staunch Supporters', 'South Shore of Geneva Lake', '2003-10-20', NULL, '0.00', 1),
(66, 'Staying Power', 'Geneva Lake, North Shore, in Front of Jerseyhurst Estate', '2002-11-01', NULL, '0.00', 1),
(67, 'Taking the Advantage', 'Geneva Lake, West End, A-Class Boat Racing', '2004-06-22', NULL, '0.00', 1),
(68, 'These Seats Are Taken', 'Geneva Lake, North Shore, West of Knollwood Subdivision', NULL, NULL, '0.00', 1),
(69, 'Triangulations', 'Geneva Lake, North Shore, Off Knollwood Subdivision', '2002-10-20', NULL, '0.00', 1),
(70, 'Tumbling', 'Geneva Lake, Button’s Bay, Former Van Dyke’s Boat Livery', '1991-04-30', NULL, '0.00', 1),
(71, 'Washed Away', 'Geneva Lake, Former Northwestern Military & Naval Academy', '1997-04-06', NULL, '0.00', 1),
(72, 'Water Lines', 'Geneva Lake, South Shore, The Highlands Pier', '2006-08-20', NULL, '0.00', 1),
(73, 'What A Ride', 'Geneva Lake, North Shore, The Narrows', '2005-11-13', NULL, '0.00', 1),
(74, 'Wind Jockeys', 'Class A Scow Racing, West End, Geneva Lake', '2004-06-22', NULL, '0.00', 1),
(75, 'A Night to Behold', 'By Lake Lawn Resort, Delavan Lake', '2006-06-11', NULL, '0.00', 3),
(76, 'Above and Beyond', 'South Shore Manor Park, Delavan Lake', '2005-10-29', NULL, '0.00', 3),
(77, 'Change of Season', 'South Shore Manor Park, Delavan Lake', '2005-10-29', NULL, '0.00', 3),
(78, 'Communion', 'Along Mound Road, Delavan Township', NULL, NULL, '0.00', 3),
(79, 'Cradle', 'Off Assembly Park Subdivision, Delavan Lake', '1996-05-31', NULL, '0.00', 3),
(80, 'Day Is Done', 'Offshore from Community Park, Delavan Lake', '2001-03-01', NULL, '0.00', 3),
(81, 'Gather ''round', 'Lake Lawn Resort, Delavan', '2003-08-10', NULL, '0.00', 3),
(82, 'Gliding', 'Near Yacht Club, Delavan Lake', '2006-09-30', NULL, '0.00', 3),
(83, 'Highlights', 'Near Assembly Park Subdivision, Delavan Lake', '1996-05-31', NULL, '0.00', 3),
(84, 'In Formation', 'Near Assembly Park Subdivision, Delavan Lake', '2006-09-30', NULL, '0.00', 3),
(85, 'Influential', 'Near Yacht Club, Delavan Lake', '2006-09-30', NULL, '0.00', 3),
(86, 'Invitation', 'South Shore Manor Park, Delavan Lake', '2005-10-29', NULL, '0.00', 3),
(87, 'Look This Way', 'Lake Lawn Resort, Delavan', '2006-03-09', NULL, '0.00', 3),
(88, 'Lunar Sea', 'Near Assembly Park Subdivision, Delavan Lake', '2006-06-11', NULL, '0.00', 3),
(89, 'No Peer', 'Lake Lawn Resort, Delavan Lake', '2006-06-11', NULL, '0.00', 3),
(90, 'Outstanding', 'Community Park, Delavan Township', '2000-04-07', NULL, '0.00', 3),
(91, 'Reminders', 'Community Park, Delavan Township', '2000-04-07', NULL, '0.00', 3),
(92, 'Shape-Shifters', 'Lake Lawn Resort Golf Course, Delavan', '2006-03-09', NULL, '0.00', 3),
(93, 'Shedding Light', 'North Shore Drive, Delavan Township', '2002-11-15', NULL, '0.00', 3),
(94, 'So Fine', 'Lake Lawn Resort, Delavan', NULL, NULL, '0.00', 3),
(95, 'That One Spot', 'From Assembly Park Subdivision, Delavan Lake', '2006-09-30', NULL, '0.00', 3),
(96, 'Times Two', '', NULL, NULL, '0.00', 3),
(97, 'To the Edge', 'Delavan Inlet, Delavan Lake', NULL, NULL, '0.00', 3),
(98, 'Turn Around', 'Near Yacht Club, Delavan Lake', '2006-09-30', NULL, '0.00', 3),
(99, 'Two Orbs', 'Lake Lawn Resort, Delavan', '2006-06-11', NULL, '0.00', 3),
(100, 'A Different World', 'Fontana Bay', '2004-07-22', NULL, '0.00', 4),
(101, 'Abiding Lights', 'Fontana, Glenwood Springs Subdivision', '2003-06-14', NULL, '0.00', 4),
(102, 'Beach Bumblers', 'Fontana Public Beach', '2004-07-22', NULL, '0.00', 4),
(103, 'Bright Night', 'Outside Abbey Springs Yacht Club, Fontana', '2006-11-26', NULL, '0.00', 4),
(104, 'Burst', 'Country Fairway Estates Condominiums, Fontana', '1979-08-15', NULL, '0.00', 4),
(105, 'Celebrate', 'Over Fontana Bay From Club Unique Subdivision', '2003-07-04', NULL, '0.00', 4),
(107, 'Every Which Way', 'Lake Path on West Shore, Fontana', '2004-07-22', NULL, '0.00', 4),
(108, 'Flat Out', 'Geneva Lake From Brookwood Subdivision on South Shore', '2003-02-23', NULL, '0.00', 4),
(109, 'For A Good Pause', 'Geneva Lake Path on West Shore, Fontana', '2004-07-22', NULL, '0.00', 4),
(110, 'Long Look', 'Geneva Lake, Looking East from West Shore', '1979-06-30', NULL, '0.00', 4),
(111, 'Muffled', 'Fontana Public Beach', '2004-07-22', NULL, '0.00', 4),
(112, 'Nesting', 'Geneva Lake, West Shore, Fontana', '2004-07-22', NULL, '0.00', 4),
(113, 'No More', 'Fontana Lakefront Parking Lot', NULL, NULL, '0.00', 4),
(115, 'Ocean of Memories', 'Fontana Public Beach', '2001-10-21', NULL, '0.00', 4),
(116, 'One Direction', 'Fontana, South Shore, Near Harvard Club Subdivision', '2006-06-28', NULL, '0.00', 4),
(117, 'Ornaments', 'Fontana, Glenwood Springs Subdivision Boathouse', '2006-11-26', NULL, '0.00', 4),
(118, 'Parked for Fishing', 'Fontana Lakefront', '2001-10-19', NULL, '0.00', 4),
(119, 'Pillars', 'Fontana Launch Ramp Pier', NULL, NULL, '0.00', 4),
(120, 'Places, Everyone', 'Fontana Lakefront', '2000-09-15', NULL, '0.00', 4),
(121, 'Rapid Runner', 'Fontana Bay, Geneva Lake', '2004-07-22', NULL, '0.00', 4),
(122, 'Stirring', 'Fontana Bay and Glenwood Springs Subdivision', '2003-07-22', NULL, '0.00', 4),
(123, 'Streams', 'Fontana Lakefront From Rainbow Point', '2006-11-26', NULL, '0.00', 4),
(124, 'The Masses', 'Fontana Lakefront', '2000-01-25', NULL, '0.00', 4),
(125, 'A Foggy Notion', 'Covenant Harbor Boathouse, Lake Geneva', '2003-03-20', NULL, '0.00', 5),
(126, 'Any Way', 'Riviera Beach and Library Park, Lake Geneva', '2002-02-17', NULL, '0.00', 5),
(127, 'As One', 'Riviera Docks, Lake Geneva', '1998-01-06', NULL, '0.00', 5),
(128, 'Bright Spot', 'Library Park, Lake Geneva', '1996-10-30', NULL, '0.00', 5),
(129, 'Caught', 'Library Park Lakefront, Lake Geneva', '1996-06-02', NULL, '0.00', 5),
(130, 'Contemplation', 'Riviera Beach, Lake Geneva', '2006-06-29', NULL, '0.00', 5),
(131, 'Early Morning', 'Geneva Bay, Lake Geneva', '2000-08-23', NULL, '0.00', 5),
(132, 'Enjoying the View', 'Library Park, Lake Geneva', '1994-10-16', NULL, '0.00', 5),
(133, 'In Common', 'Geneva Bay, Lake Geneva', '2001-10-17', NULL, '0.00', 5),
(134, 'Lunar Cruiser', 'West Side of Geneva Bay, Lake Geneva', '2006-09-06', NULL, '0.00', 5),
(135, 'Magical Mica', 'Geneva Bay, Lake Geneva', '2002-02-17', NULL, '0.00', 5),
(136, 'Morning Cruise', 'Geneva Bay, Lake Geneva', '2000-08-23', NULL, '0.00', 5),
(137, 'One of Many', 'East Side of Geneva Bay, Lake Geneva', '2006-06-25', NULL, '0.00', 5),
(138, 'Perpetual Motion', 'Riviera Beach, Lake Geneva', '2001-04-15', NULL, '0.00', 5),
(139, 'Pristine', 'Riviera Pier, Lake Geneva', '1998-01-08', NULL, '0.00', 5),
(140, 'Reaching', 'Geneva Bay, Lake Geneva', '2001-10-17', NULL, '0.00', 5),
(141, 'Solid Movement', 'Riviera Ballroom, Lake Geneva', '1999-12-25', NULL, '0.00', 5),
(142, 'Splits', 'Riviera Beach, Lake Geneva', '2006-06-25', NULL, '0.00', 5),
(143, 'Two Classics', 'Louise and Stone Manor, Geneva Bay, Lake Geneva', '1995-08-13', NULL, '0.00', 5),
(144, 'When Dark Is Light', 'Looking Southeast to Button’s Bay, Geneva Lake', '2006-09-06', NULL, '0.00', 5),
(145, 'White Waves', 'From Vista del Lago Subdivision, Lake Geneva', '1997-04-06', NULL, '0.00', 5),
(146, 'Aplenty', 'Pearce''s Farm Stand, Walworth Township', '1995-10-22', NULL, '0.00', 8),
(147, 'Barreled Over', 'Kite Fly-in, Whitewater', '2003-04-12', NULL, '0.00', 8),
(148, 'Crisscrossed', 'Western Shore, Geneva Lake', '2001-11-18', NULL, '0.00', 8),
(149, 'Electrifying', 'South of Moffatt, Colorado', '2003-01-21', NULL, '0.00', 8),
(150, 'Explosive', 'Highway D, Cold Spring Township, North of Whitewater', '2003-05-25', NULL, '0.00', 8),
(151, 'Fateful', 'South Lakeshore Drive, Fontana', NULL, NULL, '0.00', 8),
(152, 'Getaway', 'North of Leadville, Colorado', '2003-01-21', NULL, '0.00', 8),
(153, 'Immersed', 'South of Santa Fe, New Mexico', '2003-01-23', NULL, '0.00', 8),
(154, 'Light Spots', 'North Shore, Geneva Lake', '2005-10-29', NULL, '0.00', 8),
(155, 'Lightness', 'Carnival, East Troy', '1999-07-03', NULL, '0.00', 8),
(156, 'Making the Split', 'Continental Divide, Wyoming', '2003-01-17', NULL, '0.00', 8),
(157, 'Popping', 'South Lakeshore Drive, Fontana', '2003-08-21', NULL, '0.00', 8),
(158, 'Seasoned', 'Highway D, Cold Spring Township, North of Whitewater', '2003-05-25', NULL, '0.00', 8),
(159, 'So Big, So Small', 'South of Poncha Springs, Colo.', '2003-01-21', NULL, '0.00', 8),
(160, 'The Look', 'Near Black Point, Geneva Lake', '2006-08-20', NULL, '0.00', 8),
(161, 'Wondering', 'North of Leadville, Colorado', '2003-01-21', NULL, '0.00', 8),
(162, 'Worlds Apart', 'South of Leadville, Colorado', '2003-01-21', NULL, '0.00', 8),
(163, 'A String of Sunfish', 'George Williams College, Williams Bay', '2002-09-01', NULL, '0.00', 9),
(164, 'Awash', 'East Side of Williams Bay, Williams Bay', '2001-04-07', NULL, '0.00', 9),
(165, 'Casting Light', 'Lakefront, Williams Bay', NULL, NULL, '0.00', 9),
(166, 'Cedar Point Summer', 'Cedar Point Subdivision Lakefront, Williams Bay', '2005-08-07', NULL, '0.00', 9),
(167, 'Depths of Knowledge', 'George Williams College, Williams Bay', '2006-11-26', NULL, '0.00', 9),
(168, 'Fantasy', 'North Shore, Geneva Lake, Williams Bay', '2003-10-19', NULL, '0.00', 9),
(169, 'Fluid Motion', 'Lakefront, Williams Bay', NULL, NULL, '0.00', 9),
(170, 'From One to the Other', 'Conference Point Center Lakefront, Williams Bay', '2003-10-19', NULL, '0.00', 9),
(171, 'Full Bloom', 'Cedar Point, Williams Bay', '2005-08-07', NULL, '0.00', 9),
(172, 'Fullness', 'Lakefront, Williams Bay', '2006-09-03', NULL, '0.00', 9),
(173, 'Here and There', 'Norman B. Barr Camp Boathouse, Williams Bay', '2003-10-19', NULL, '0.00', 9),
(174, 'Intersections', 'Cedar Point, Williams Bay', '2001-04-07', NULL, '0.00', 9),
(175, 'Large Opening', 'Lakefront, East End, Williams Bay', '2006-04-16', NULL, '0.00', 9),
(176, 'Light Conversation', 'Conference Point Center Lakefront, Williams Bay', '2006-10-06', NULL, '0.00', 9),
(177, 'Light Waves', 'Public Beach, Williams Bay', '2006-09-03', NULL, '0.00', 9),
(178, 'Lights of Knowledge', 'George Williams College, Williams Bay', '2005-10-14', NULL, '0.00', 9),
(179, 'Occupied', 'Wesley Woods Camp pier, Williams Bay', '2003-10-19', NULL, '0.00', 9),
(180, 'Off Season', 'Holiday Home Camp Lakefront, Williams Bay', '2000-12-05', NULL, '0.00', 9),
(181, 'Privileged', 'Williams Bay, Williams Bay', '2006-01-25', NULL, '0.00', 9),
(183, 'Shouting', 'Near Conference Point Center Beach, Williams Bay', '2001-04-07', NULL, '0.00', 9),
(184, 'Skyward', 'George Williams College Golf Course, Williams Bay', '2002-01-19', NULL, '0.00', 9),
(185, 'Stretching', 'Conference Point, Williams Bay', NULL, NULL, '0.00', 9),
(186, 'Toys', 'Conference Point Center Lakefront, Williams Bay', NULL, NULL, '0.00', 9),
(187, 'Vacant', 'Conference Point Center Lakefront, Williams Bay', '2005-10-14', NULL, '0.00', 9),
(188, 'Watermarks', 'Conference Point, Williams Bay', '2002-12-15', NULL, '0.00', 9),
(189, 'Winter Wonderland', 'Conference Point, Williams Bay', NULL, NULL, '0.00', 9),
(190, 'Another Day', 'West of Brick Church, Walworth Township', NULL, NULL, '0.00', 6),
(191, 'Between the Lines', 'West Edge of Walworth', NULL, NULL, '0.00', 6),
(192, 'Cold Warmth', 'Town Hall Road, Walworth Township', NULL, NULL, '0.00', 6),
(193, 'Cut Off', 'Town Hall Road, Walworth Township', '1986-05-23', NULL, '0.00', 6),
(194, 'Days Are Numbered', 'Train Depot, Walworth', NULL, NULL, '0.00', 6),
(195, 'Deep Reflection', 'Highways O and 14, Walworth Township', '1986-03-27', NULL, '0.00', 6),
(196, 'Earthmover', 'Near Kikkoman Foods, Walworth Township', '1992-05-02', NULL, '0.00', 6),
(197, 'Embracing', 'Ridge Road, Walworth Township', '2005-05-31', NULL, '0.00', 6),
(198, 'Entry Denied', 'Madison Street, Walworth', NULL, NULL, '0.00', 6),
(199, 'Fanning Out', 'Ridge Road, Walworth Township', '2005-05-31', NULL, '0.00', 6),
(200, 'Foodstuffed', 'Willow Bend Road, Walworth Township', '2005-09-11', NULL, '0.00', 6),
(201, 'Glitter', 'Edwin P. Heyer Park, Downtown Walworth', '1985-12-19', NULL, '0.00', 6),
(202, 'Go For A Ride', 'Near Kikkoman Foods, Walworth Township', '2003-05-03', NULL, '0.00', 6),
(203, 'Grand Opening', 'Beloit Road, Walworth Township', NULL, NULL, '0.00', 6),
(204, 'How You''ve Grown', 'Highway B and Indian Hills Road, Walworth Township', NULL, NULL, '0.00', 6),
(205, 'Last Election Day', 'Former Walworth Town Hall, Walworth Township', '1980-04-01', NULL, '0.00', 6),
(206, 'Losing Track of Time', 'Train Depot, Walworth', NULL, NULL, '0.00', 6),
(207, 'Lost Pride', 'Highway 14 Northwest, Walworth Township', '1985-06-27', NULL, '0.00', 6),
(208, 'Night Flight', 'Edwin P. Heyer Park, Downtown Walworth', NULL, NULL, '0.00', 6),
(209, 'Oops', 'Madison Street, Walworth', NULL, NULL, '0.00', 6),
(210, 'Outgrown', 'Highway 14 Northwest, Walworth Township', '1985-06-27', NULL, '0.00', 6),
(211, 'Past and Present', 'Lakeville Road, Walworth Township', NULL, NULL, '0.00', 6),
(212, 'Sun Diver', 'Above Big Foot Airfield, Walworth Township', NULL, NULL, '0.00', 6),
(213, 'Take Me With You', 'Six Corners Road, Walworth Township', '2005-08-14', NULL, '0.00', 6),
(214, 'Teetering', 'Highway B and Cobblestone Road, Walworth Township', '1981-11-25', NULL, '0.00', 6),
(215, 'Thick and Thin', '', NULL, NULL, '0.00', 6),
(216, 'Touched by the Light', 'Brick Church, Walworth Township', NULL, NULL, '0.00', 6),
(217, 'Years Gone By', 'Hill Street, Walworth', '1983-12-08', NULL, '0.00', 6),
(218, 'Ajar', 'Highway P, Richmond Township', '1996-09-13', NULL, '0.00', 7),
(219, 'Alignment', 'Lake Lorraine Road, Richmond Township', '1995-06-18', NULL, '0.00', 7),
(220, 'Can You Imagine?', 'South of Elkhorn', '2000-04-26', NULL, '0.00', 7),
(221, 'Co-existing', 'North of Williams Bay', '2006-10-15', NULL, '0.00', 7),
(222, 'Crossing', 'Highway 120, North of Springfield', '2006-04-28', NULL, '0.00', 7),
(223, 'Ever-changing', 'Highway 11, Spring Prairie Township', '1999-03-06', NULL, '0.00', 7),
(224, 'Expanding', 'Turtle Creek, Darien Township', '2006-05-13', NULL, '0.00', 7),
(225, 'Expression', 'Highway 120, Linn Township', '1991-10-05', NULL, '0.00', 7),
(226, 'Fireball', 'Bluff Road, La Grange Township', '2001-07-03', NULL, '0.00', 7),
(227, 'Going, Going', 'Near Highway K, Sharon Township', '2004-05-04', NULL, '0.00', 7),
(228, 'Likenesses', 'Willow Bend Road, Geneva Township', '2006-06-15', NULL, '0.00', 7),
(229, 'Making Tracks', 'Sugar Creek Road, Sugar Creek Township', '1997-12-31', NULL, '0.00', 7),
(230, 'Old and New', 'Near Highway K, Sharon Township', NULL, NULL, '0.00', 7),
(231, 'Powder', 'Highway 50, Geneva Township', NULL, NULL, '0.00', 7),
(232, 'Searching', 'Bowers Road, Lafayette Township', '2004-04-14', NULL, '0.00', 7),
(233, 'Seeing the Light', 'United Church of Christ, Elkhorn', '2006-06-03', NULL, '0.00', 7),
(234, 'Seeing', 'School Section Road, Darien Township', '2003-10-25', NULL, '0.00', 7),
(235, 'Short Bloom', 'Island Road, Richmond Township', '2005-10-16', NULL, '0.00', 7),
(236, 'Spectrum', 'Stateline Road, Sharon Township', NULL, NULL, '0.00', 7),
(237, 'Stalking', 'Amos Road, West of Elkhorn', NULL, NULL, '0.00', 7),
(238, 'Swinging and Swaying', 'Highway 11, Lafayette Township', '2000-08-03', NULL, '0.00', 7),
(239, 'Times Two', '', NULL, NULL, '0.00', 7),
(240, 'To Be There', 'Turtle Lake, Richmond Township', NULL, NULL, '0.00', 7),
(241, 'Two In One', 'Highway 11, Lafayette Township', NULL, NULL, '0.00', 7),
(242, 'Unmotivated', 'Singing Hills Girl Scout Camp, La Grange Township', '2003-05-04', NULL, '0.00', 7),
(244, 'Fun for All', 'Mill Pond, Delavan', NULL, NULL, '0.00', 2),
(245, 'Soon to Change', 'Beach House', '2006-09-03', NULL, '0.00', 9),
(246, 'Staying Put', 'Near George Williams College, Geneva Lake', '2004-05-21', NULL, '0.00', 1),
(248, 'Treemendous', 'Community Park, Delavan Lake', '2000-04-07', NULL, '0.00', 3),
(250, 'Angular Ball', 'Tower Park, Downtown Delavan', '1996-06-29', NULL, '0.00', 2),
(251, 'Impressions', 'Along Swan Creek Nature Trail, Delavan', '2005-11-11', NULL, '0.00', 2);

-- --------------------------------------------------------

--
-- Table structure for table `schema_info`
--

CREATE TABLE IF NOT EXISTS `schema_info` (
  `version` int(11) DEFAULT NULL
) ENGINE=MyISAM DEFAULT CHARSET=latin1;

-- --------------------------------------------------------

--
-- Table structure for table `sessions`
--

CREATE TABLE IF NOT EXISTS `sessions` (
  `id` int(11) NOT NULL AUTO_INCREMENT,
  `session_id` varchar(255) DEFAULT NULL,
  `data` text,
  `updated_at` datetime DEFAULT NULL,
  PRIMARY KEY (`id`),
  KEY `index_sessions_on_session_id` (`session_id`),
  KEY `index_sessions_on_updated_at` (`updated_at`)
) ENGINE=InnoDB DEFAULT CHARSET=latin1 AUTO_INCREMENT=1 ;

-- --------------------------------------------------------

--
-- Table structure for table `users`
--

CREATE TABLE IF NOT EXISTS `users` (
  `id` int(11) NOT NULL AUTO_INCREMENT,
  `name` varchar(255) DEFAULT NULL,
  `hashed_password` varchar(255) DEFAULT NULL,
  `salt` varchar(255) DEFAULT NULL,
  PRIMARY KEY (`id`)
) ENGINE=InnoDB  DEFAULT CHARSET=latin1 AUTO_INCREMENT=5 ;

--
-- Dumping data for table `users`
--

INSERT INTO `users` (`id`, `name`, `hashed_password`, `salt`) VALUES
(3, 'fred', 'df6ea2122e5187afb8a30ae6251263413f2c7985', '456879900.615870322296183'),
(4, 'jason', '22a2a8b6295c6ef4032b04d2f00ab1346eb6bfd8', '456166100.022025374276388');

/*!40101 SET CHARACTER_SET_CLIENT=@OLD_CHARACTER_SET_CLIENT */;
/*!40101 SET CHARACTER_SET_RESULTS=@OLD_CHARACTER_SET_RESULTS */;
/*!40101 SET COLLATION_CONNECTION=@OLD_COLLATION_CONNECTION */;
